{
    "data":{
        "attributes":{
            "normal":{
                "itemSize":3,
                "array":[1.12441e-14,-9.06475e-08,1,1.12441e-14,-9.06475e-08,1,1.12441e-14,-9.06475e-08,1,-6.15327e-15,-9.06474e-08,1,-6.15327e-15,-9.06474e-08,1,-6.15327e-15,-9.06474e-08,1,1.26248e-15,-9.06475e-08,1,1.26248e-15,-9.06475e-08,1,1.26248e-15,-9.06475e-08,1,0,-9.06475e-08,1,0,-9.06475e-08,1,0,-9.06475e-08,1,5.60985e-08,9.46662e-08,-1,5.60985e-08,9.46662e-08,-1,5.60985e-08,9.46662e-08,-1,-1.72887e-14,-9.06475e-08,1,-1.72887e-14,-9.06475e-08,1,-1.72887e-14,-9.06475e-08,1,4.34417e-14,-9.06475e-08,1,4.34417e-14,-9.06475e-08,1,4.34417e-14,-9.06475e-08,1,-7.06844e-09,4.85144e-08,-1,-7.06844e-09,4.85144e-08,-1,-7.06844e-09,4.85144e-08,-1,-7.53192e-15,9.06474e-08,-1,-7.53192e-15,9.06474e-08,-1,-7.53192e-15,9.06474e-08,-1,-6.19895e-15,9.06474e-08,-1,-6.19895e-15,9.06474e-08,-1,-6.19895e-15,9.06474e-08,-1,0,9.06474e-08,-1,0,9.06474e-08,-1,0,9.06474e-08,-1,8.854e-15,9.06475e-08,-1,8.854e-15,9.06475e-08,-1,8.854e-15,9.06475e-08,-1,-6.28435e-09,1.27339e-07,-1,-6.28435e-09,1.27339e-07,-1,-6.28435e-09,1.27339e-07,-1,1.54992e-15,9.06474e-08,-1,1.54992e-15,9.06474e-08,-1,1.54992e-15,9.06474e-08,-1,-7.95782e-15,9.06474e-08,-1,-7.95782e-15,9.06474e-08,-1,-7.95782e-15,9.06474e-08,-1,-2.74264e-15,9.06474e-08,-1,-2.74264e-15,9.06474e-08,-1,-2.74264e-15,9.06474e-08,-1,-2.2198e-14,9.06474e-08,-1,-2.2198e-14,9.06474e-08,-1,-2.2198e-14,9.06474e-08,-1,-3.17115e-15,9.06474e-08,-1,-3.17115e-15,9.06474e-08,-1,-3.17115e-15,9.06474e-08,-1,5.98209e-15,-9.06475e-08,1,5.98209e-15,-9.06475e-08,1,5.98209e-15,-9.06475e-08,1,1.02554e-15,-9.06475e-08,1,1.02554e-15,-9.06475e-08,1,1.02554e-15,-9.06475e-08,1,2.1216e-15,-9.06475e-08,1,2.1216e-15,-9.06475e-08,1,2.1216e-15,-9.06475e-08,1,9.3828e-15,-9.06474e-08,1,9.3828e-15,-9.06474e-08,1,9.3828e-15,-9.06474e-08,1,-2.34031e-08,-9.21495e-08,1,-2.34031e-08,-9.21495e-08,1,-2.34031e-08,-9.21495e-08,1,8.54886e-14,-9.06475e-08,1,8.54886e-14,-9.06475e-08,1,8.54886e-14,-9.06475e-08,1,4.72857e-15,9.06475e-08,-1,4.72857e-15,9.06475e-08,-1,4.72857e-15,9.06475e-08,-1,-1.16135e-14,9.06474e-08,-1,-1.16135e-14,9.06474e-08,-1,-1.16135e-14,9.06474e-08,-1,4.73098e-15,9.06474e-08,-1,4.73098e-15,9.06474e-08,-1,4.73098e-15,9.06474e-08,-1,-4.82406e-15,9.06474e-08,-1,-4.82406e-15,9.06474e-08,-1,-4.82406e-15,9.06474e-08,-1,2.74578e-14,9.06475e-08,-1,2.74578e-14,9.06475e-08,-1,2.74578e-14,9.06475e-08,-1,-7.55479e-09,9.78444e-08,-1,-7.55479e-09,9.78444e-08,-1,-7.55479e-09,9.78444e-08,-1,3.16974e-15,9.06474e-08,-1,3.16974e-15,9.06474e-08,-1,3.16974e-15,9.06474e-08,-1,-8.07018e-15,9.06474e-08,-1,-8.07018e-15,9.06474e-08,-1,-8.07018e-15,9.06474e-08,-1,-1.46079e-14,9.06474e-08,-1,-1.46079e-14,9.06474e-08,-1,-1.46079e-14,9.06474e-08,-1,-2.59539e-14,9.06474e-08,-1,-2.59539e-14,9.06474e-08,-1,-2.59539e-14,9.06474e-08,-1,-1.37429e-14,9.06474e-08,-1,-1.37429e-14,9.06474e-08,-1,-1.37429e-14,9.06474e-08,-1],
                "type":"Float32Array"
            },
            "uv":{
                "itemSize":2,
                "array":[-0.0625,0.037233,-0.0625,0.159968,-0.0625,0.0134405,-0.0625,0.0802131,-0.0625,0.0461159,-0.0625,0.0341048,-0.0625,0.0134405,-0.0625,0.147163,-0.0625,0.0650822,-0.0625,4.29451e-05,-0.0625,0.184462,-0.0625,4.29451e-05,-0.0625,0.0922243,-0.0625,4.29451e-05,-0.0625,0.0461159,-0.0625,0.184462,-0.0625,0.037233,-0.0625,4.29451e-05,-0.0625,0.0650822,-0.0625,0.147163,-0.0625,0.105243,0.860838,1,0.920103,0,0.943724,1,0.142655,0,0.153396,1,0.106043,1,0.395754,0,0.461244,1,0.373935,1,0.252228,0,0.290977,1,0.218059,1,0.568652,1,0.686895,0,0.701355,1,0.943724,1,0.992512,0,0.994446,1,0.701355,1,0.827282,0,0.860838,1,0.094793,0,0.106043,1,0.0914915,1,0.191693,0,0.218059,1,0.153396,1,0.321987,0,0.373935,1,0.290977,1,0.461244,1,0.560539,0,0.568652,1,-0.0625,0.037233,-0.0625,0.149122,-0.0625,0.159968,-0.0625,0.0802131,-0.0625,0.0922243,-0.0625,0.0461159,-0.0625,0.0134405,-0.0625,0.159968,-0.0625,0.147163,-0.0625,4.29451e-05,-0.0625,0.184462,-0.0625,0.184462,-0.0625,0.0922243,-0.0625,0.184462,-0.0625,4.29451e-05,-0.0625,0.184462,-0.0625,0.149122,-0.0625,0.037233,0.860838,1,0.827282,0,0.920103,0,0.142655,0,0.191693,0,0.153396,1,0.395754,0,0.4683,0,0.461244,1,0.252228,0,0.321987,0,0.290977,1,0.568652,1,0.560539,0,0.686895,0,0.943724,1,0.920103,0,0.992512,0,0.701355,1,0.686895,0,0.827282,0,0.094793,0,0.142655,0,0.106043,1,0.191693,0,0.252228,0,0.218059,1,0.321987,0,0.395754,0,0.373935,1,0.461244,1,0.4683,0,0.560539,0],
                "type":"Float32Array"
            },
            "position":{
                "itemSize":3,
                "array":[-1.48198,-0.229817,-2.08323e-08,-1.92858,0.373509,3.38576e-08,-1.88609,-0.391379,-3.54775e-08,-0.525,0.190441,1.7263e-08,-1.24402,-0.0126411,-1.14589e-09,-0.514706,0.00514707,4.66571e-10,-1.88609,-0.391379,-3.54775e-08,-5.19227,0.00962651,8.7262e-10,-5.16847,-0.418838,-3.79666e-08,-1.22243,-0.401337,-3.63801e-08,-1.47158,0.54356,4.92723e-08,-1.4181,-0.419125,-3.79926e-08,-1.25432,0.172653,1.56505e-08,-1.22243,-0.401337,-3.63801e-08,-1.24402,-0.0126411,-1.14589e-09,-1.47158,0.54356,4.92723e-08,-1.48198,-0.229817,-2.08323e-08,-1.4181,-0.419125,-3.79926e-08,-5.16847,-0.418838,-3.79666e-08,-5.19227,0.00962651,8.7262e-10,-5.51246,-0.239409,-2.17018e-08,5.67958,-0.342634,-3.10589e-08,1.88298,0.294303,2.66778e-08,6.67331,0.341531,-4.89118e-09,-0.822694,0.185503,1.68154e-08,-3.27818,-0.616252,-5.58617e-08,-3.92695,-0.059705,-5.41209e-09,0.123277,-0.540562,-4.90005e-08,0.680174,-1.20236,-1.08991e-07,-0.425056,-1.23967,-1.12373e-07,-0.393791,-0.355238,-3.22014e-08,-1.48316,-1.18187,-1.07134e-07,-2.42898,-0.946832,-8.58279e-08,2.02578,-0.992457,-8.99637e-08,1.10923,-0.180936,-1.64014e-08,3.68646,-0.711684,-6.45123e-08,6.67331,0.341531,-4.89118e-09,2.11501,0.537874,4.87569e-08,7.22558,1.41319,1.28102e-07,3.68646,-0.711684,-6.45123e-08,1.57988,0.0483104,4.3792e-09,5.67958,-0.342634,-3.10589e-08,-1.0083,0.40129,3.63759e-08,-3.92695,-0.059705,-5.41209e-09,-4.1544,0.439736,3.9861e-08,-0.624997,-0.123696,-1.12127e-08,-2.42898,-0.946832,-8.58279e-08,-3.27818,-0.616252,-5.58617e-08,-0.137877,-0.499065,-4.5239e-08,-0.425056,-1.23967,-1.12373e-07,-1.48316,-1.18187,-1.07134e-07,0.680174,-1.20236,-1.08991e-07,0.684075,-0.369173,-3.34646e-08,2.02578,-0.992457,-8.99637e-08,-1.48198,-0.229817,-2.08323e-08,-1.51443,0.354252,3.2112e-08,-1.92858,0.373509,3.38576e-08,-0.525,0.190441,1.7263e-08,-1.25432,0.172653,1.56505e-08,-1.24402,-0.0126411,-1.14589e-09,-1.88609,-0.391379,-3.54775e-08,-1.92858,0.373509,3.38576e-08,-5.19227,0.00962651,8.7262e-10,-1.22243,-0.401337,-3.63801e-08,-1.27591,0.561348,5.08848e-08,-1.47158,0.54356,4.92723e-08,-1.25432,0.172653,1.56505e-08,-1.27591,0.561348,5.08848e-08,-1.22243,-0.401337,-3.63801e-08,-1.47158,0.54356,4.92723e-08,-1.51443,0.354252,3.2112e-08,-1.48198,-0.229817,-2.08323e-08,5.67958,-0.342634,-3.10589e-08,1.57988,0.0483104,4.3792e-09,1.88298,0.294303,2.66778e-08,-0.822694,0.185503,1.68154e-08,-0.624997,-0.123696,-1.12127e-08,-3.27818,-0.616252,-5.58617e-08,0.123277,-0.540562,-4.90005e-08,0.373191,-0.500439,-4.53635e-08,0.680174,-1.20236,-1.08991e-07,-0.393791,-0.355238,-3.22014e-08,-0.137877,-0.499065,-4.5239e-08,-1.48316,-1.18187,-1.07134e-07,2.02578,-0.992457,-8.99637e-08,0.684075,-0.369173,-3.34646e-08,1.10923,-0.180936,-1.64014e-08,6.67331,0.341531,-4.89118e-09,1.88298,0.294303,2.66778e-08,2.11501,0.537874,4.87569e-08,3.68646,-0.711684,-6.45123e-08,1.10923,-0.180936,-1.64014e-08,1.57988,0.0483104,4.3792e-09,-1.0083,0.40129,3.63759e-08,-0.822694,0.185503,1.68154e-08,-3.92695,-0.059705,-5.41209e-09,-0.624997,-0.123696,-1.12127e-08,-0.393791,-0.355238,-3.22014e-08,-2.42898,-0.946832,-8.58279e-08,-0.137877,-0.499065,-4.5239e-08,0.123277,-0.540562,-4.90005e-08,-0.425056,-1.23967,-1.12373e-07,0.680174,-1.20236,-1.08991e-07,0.373191,-0.500439,-4.53635e-08,0.684075,-0.369173,-3.34646e-08],
                "type":"Float32Array"
            }
        },
        "groups":[{
            "materialIndex":0,