{
    "data":{
        "attributes":{
            "normal":{
                "itemSize":3,
                "array":[-0.952946,0.0456236,0.299688,-0.952946,0.0456236,0.299688,-0.952946,0.0456236,0.299688,-0.148149,0.771447,-0.618806,-0.148149,0.771447,-0.618806,-0.148149,0.771447,-0.618806,-0.962631,0.237081,-0.130895,-0.962631,0.237081,-0.130895,-0.962631,0.237081,-0.130895,-0.0816921,-0.914665,-0.395872,-0.0816921,-0.914665,-0.395872,-0.0816921,-0.914665,-0.395872,-0.140121,0.805247,0.576146,-0.140121,0.805247,0.576146,-0.140121,0.805247,0.576146,-0.264428,-0.517178,0.814005,-0.264428,-0.517178,0.814005,-0.264428,-0.517178,0.814005,-0.143018,0.883212,0.446635,-0.143018,0.883212,0.446635,-0.143018,0.883212,0.446635,-0.140121,-0.805247,-0.576146,-0.140121,-0.805247,-0.576146,-0.140121,-0.805247,-0.576146,-0.180284,-0.701448,0.689542,-0.180284,-0.701448,0.689542,-0.180284,-0.701448,0.689542,-0.98748,0.0413047,-0.152238,-0.98748,0.0413047,-0.152238,-0.98748,0.0413047,-0.152238,-0.16368,0.496483,-0.852475,-0.16368,0.496483,-0.852475,-0.16368,0.496483,-0.852475,-0.969005,-0.244548,0.0350116,-0.969005,-0.244548,0.0350116,-0.969005,-0.244548,0.0350116,-0.69079,-0.672633,-0.26528,-0.69079,-0.672633,-0.26528,-0.69079,-0.672633,-0.26528,-0.132475,-0.0479572,-0.990025,-0.132475,-0.0479572,-0.990025,-0.132475,-0.0479572,-0.990025,-0.754382,-0.487318,-0.439806,-0.754382,-0.487318,-0.439806,-0.754382,-0.487318,-0.439806,-0.139998,-0.986208,0.0882844,-0.139998,-0.986208,0.0882844,-0.139998,-0.986208,0.0882844,0.952946,0.0456236,0.299688,0.952946,0.0456236,0.299688,0.952946,0.0456236,0.299688,0.257228,0.685423,-0.681197,0.257228,0.685423,-0.681197,0.257228,0.685423,-0.681197,0.962631,0.237081,-0.130895,0.962631,0.237081,-0.130895,0.962631,0.237081,-0.130895,0.143018,-0.883212,-0.446635,0.143018,-0.883212,-0.446635,0.143018,-0.883212,-0.446635,0.0787204,0.776738,0.624885,0.0787204,0.776738,0.624885,0.0787204,0.776738,0.624885,0.264428,-0.517178,0.814005,0.264428,-0.517178,0.814005,0.264428,-0.517178,0.814005,0.143018,0.883212,0.446635,0.143018,0.883212,0.446635,0.143018,0.883212,0.446635,0.140121,-0.805247,-0.576146,0.140121,-0.805247,-0.576146,0.140121,-0.805247,-0.576146,0.180284,-0.701448,0.689542,0.180284,-0.701448,0.689542,0.180284,-0.701448,0.689542,0.98748,0.0413047,-0.152238,0.98748,0.0413047,-0.152238,0.98748,0.0413047,-0.152238,0.16368,0.496483,-0.852475,0.16368,0.496483,-0.852475,0.16368,0.496483,-0.852475,0.969005,-0.244548,0.0350117,0.969005,-0.244548,0.0350117,0.969005,-0.244548,0.0350117,0.69079,-0.672633,-0.26528,0.69079,-0.672633,-0.26528,0.69079,-0.672633,-0.26528,0.132475,-0.0479573,-0.990025,0.132475,-0.0479573,-0.990025,0.132475,-0.0479573,-0.990025,0.754382,-0.487318,-0.439806,0.754382,-0.487318,-0.439806,0.754382,-0.487318,-0.439806,0.130553,-0.988142,0.0808151,0.130553,-0.988142,0.0808151,0.130553,-0.988142,0.0808151,-0.990108,0.00771087,0.140095,-0.990108,0.00771087,0.140095,-0.990108,0.00771087,0.140095,-0.257228,0.685423,-0.681197,-0.257228,0.685423,-0.681197,-0.257228,0.685423,-0.681197,-0.963076,0.268658,0.0175415,-0.963076,0.268658,0.0175415,-0.963076,0.268658,0.0175415,-0.143018,-0.883211,-0.446635,-0.143018,-0.883211,-0.446635,-0.143018,-0.883211,-0.446635,-0.0787204,0.776738,0.624885,-0.0787204,0.776738,0.624885,-0.0787204,0.776738,0.624885,-0.124322,-0.401788,0.907255,-0.124322,-0.401788,0.907255,-0.124322,-0.401788,0.907255,-0.0816925,0.914665,0.395872,-0.0816925,0.914665,0.395872,-0.0816925,0.914665,0.395872,-0.0787207,-0.776738,-0.624884,-0.0787207,-0.776738,-0.624884,-0.0787207,-0.776738,-0.624884,-0.251043,-0.743926,0.619315,-0.251043,-0.743926,0.619315,-0.251043,-0.743926,0.619315,-0.963732,0.0141427,-0.266498,-0.963732,0.0141427,-0.266498,-0.963732,0.0141427,-0.266498,-0.263374,0.576317,-0.773623,-0.263374,0.576317,-0.773623,-0.263374,0.576317,-0.773623,-0.964906,-0.221549,0.14097,-0.964906,-0.221549,0.14097,-0.964906,-0.221549,0.14097,-0.697929,-0.671991,-0.247636,-0.697929,-0.671991,-0.247636,-0.697929,-0.671991,-0.247636,-0.16157,-0.0130529,-0.986775,-0.16157,-0.0130529,-0.986775,-0.16157,-0.0130529,-0.986775,-0.735121,-0.494944,-0.46328,-0.735121,-0.494944,-0.46328,-0.735121,-0.494944,-0.46328,-0.130553,-0.988142,0.0808151,-0.130553,-0.988142,0.0808151,-0.130553,-0.988142,0.0808151,0.990108,0.00771087,0.140095,0.990108,0.00771087,0.140095,0.990108,0.00771087,0.140095,0.148149,0.771447,-0.618806,0.148149,0.771447,-0.618806,0.148149,0.771447,-0.618806,0.963076,0.268658,0.0175415,0.963076,0.268658,0.0175415,0.963076,0.268658,0.0175415,0.081692,-0.914665,-0.395872,0.081692,-0.914665,-0.395872,0.081692,-0.914665,-0.395872,0.140121,0.805247,0.576146,0.140121,0.805247,0.576146,0.140121,0.805247,0.576146,0.124322,-0.401788,0.907255,0.124322,-0.401788,0.907255,0.124322,-0.401788,0.907255,0.0816925,0.914665,0.395872,0.0816925,0.914665,0.395872,0.0816925,0.914665,0.395872,0.0787207,-0.776738,-0.624884,0.0787207,-0.776738,-0.624884,0.0787207,-0.776738,-0.624884,0.251043,-0.743926,0.619315,0.251043,-0.743926,0.619315,0.251043,-0.743926,0.619315,0.963732,0.0141427,-0.266498,0.963732,0.0141427,-0.266498,0.963732,0.0141427,-0.266498,0.263374,0.576317,-0.773623,0.263374,0.576317,-0.773623,0.263374,0.576317,-0.773623,0.964906,-0.221549,0.14097,0.964906,-0.221549,0.14097,0.964906,-0.221549,0.14097,0.697929,-0.671991,-0.247636,0.697929,-0.671991,-0.247636,0.697929,-0.671991,-0.247636,0.16157,-0.0130529,-0.986775,0.16157,-0.0130529,-0.986775,0.16157,-0.0130529,-0.986775,0.735121,-0.494944,-0.46328,0.735121,-0.494944,-0.46328,0.735121,-0.494944,-0.46328,0.139998,-0.986208,0.0882844,0.139998,-0.986208,0.0882844,0.139998,-0.986208,0.0882844],
                "type":"Float32Array"
            },
            "uv":{
                "itemSize":2,