{
    "data":{
        "groups":[{
            "materialIndex":0,
            "count":168,
            "start":0
        }],
        "index":{
            "type":"Uint16Array",
            "array":[0,1,2,3,4,5,6,7,8,9,10,11,12,13,14,15,16,17,18,19,20,21,22,23,24,25,26,27,28,29,30,31,32,33,34,35,36,37,38,39,40,41,42,43,44,45,46,47,48,49,50,51,52,53,54,55,56,57,58,59,60,61,62,63,64,65,66,67,68,69,70,71,72,73,74,75,76,77,78,79,80,81,82,83,84,85,86,87,88,89,90,91,92,93,94,95,96,97,98,99,100,101,102,103,104,105,106,107,108,109,110,111,112,113,114,115,116,117,118,119,120,121,122,123,124,125,126,127,128,129,130,131,132,133,134,135,136,137,138,139,140,141,142,143,144,145,146,147,148,149,150,151,152,153,154,155,156,157,158,159,160,161,162,163,164,165,166,167],
            "itemSize":1
        },
        "attributes":{
            "uv":{
                "type":"Float32Array",
                "array":[0.426171,0.424465,0.00199221,0.565858,0.00199227,0.283072,0.00117773,0.563564,0.00117773,0.280778,0.425357,0.422171,0.283964,0.84635,0.425357,0.422171,0.56675,0.84635,0.849536,0.563564,0.56675,0.84635,0.425357,0.422171,0.426171,0.424465,0.567564,0.848644,0.284778,0.848644,0.56883,1.00246,0.783103,0.63133,0.997377,1.00246,0.569243,1.00293,0.783517,0.631797,0.997791,1.00293,0.426171,0.424465,0.284778,0.848644,0.00199221,0.565858,0.425357,0.422171,0.283964,0.84635,0.00117773,0.563564,0.567564,0.848644,0.426171,0.424465,0.850351,0.565858,0.426171,0.424465,0.00199221,0.565858,0.00199227,0.283072,0.00117773,0.563564,0.00117773,0.280778,0.425357,0.422171,0.283964,0.84635,0.425357,0.422171,0.56675,0.84635,0.849536,0.563564,0.56675,0.84635,0.425357,0.422171,0.426171,0.424465,0.567564,0.848644,0.284778,0.848644,0.56883,1.00246,0.783103,0.63133,0.997377,1.00246,0.569243,1.00293,0.783517,0.631797,0.997791,1.00293,0.426171,0.424465,0.284778,0.848644,0.00199221,0.565858,0.425357,0.422171,0.283964,0.84635,0.00117773,0.563564,0.567564,0.848644,0.426171,0.424465,0.850351,0.565858,0.426171,0.424465,0.00199221,0.565858,0.00199227,0.283072,0.00117773,0.563564,0.00117773,0.280778,0.425357,0.422171,0.283964,0.84635,0.425357,0.422171,0.56675,0.84635,0.849536,0.563564,0.56675,0.84635,0.425357,0.422171,0.426171,0.424465,0.567564,0.848644,0.284778,0.848644,0.56883,1.00246,0.783103,0.63133,0.997377,1.00246,0.569243,1.00293,0.783517,0.631797,0.997791,1.00293,0.426171,0.424465,0.284778,0.848644,0.00199221,0.565858,0.425357,0.422171,0.283964,0.84635,0.00117773,0.563564,0.567564,0.848644,0.426171,0.424465,0.850351,0.565858,0.426171,0.424465,0.00199221,0.565858,0.00199227,0.283072,0.00117773,0.563564,0.00117773,0.280778,0.425357,0.422171,0.283964,0.84635,0.425357,0.422171,0.56675,0.84635,0.849536,0.563564,0.56675,0.84635,0.425357,0.422171,0.426171,0.424465,0.567564,0.848644,0.284778,0.848644,0.56883,1.00246,0.783103,0.63133,0.997377,1.00246,0.569243,1.00293,0.783517,0.631797,0.997791,1.00293,0.426171,0.424465,0.284778,0.848644,0.00199221,0.565858,0.425357,0.422171,0.283964,0.84635,0.00117773,0.563564,0.567564,0.848644,0.426171,0.424465,0.850351,0.565858,0.426171,0.424465,0.00199221,0.565858,0.00199227,0.283072,0.00117773,0.563564,0.00117773,0.280778,0.425357,0.422171,0.283964,0.84635,0.425357,0.422171,0.56675,0.84635,0.849536,0.563564,0.56675,0.84635,0.425357,0.422171,0.426171,0.424465,0.567564,0.848644,0.284778,0.848644,0.426171,0.424465,0.284778,0.848644,0.00199221,0.565858,0.425357,0.422171,0.283964,0.84635,0.00117773,0.563564,0.567564,0.848644,0.426171,0.424465,0.850351,0.565858,0.426171,0.424465,0.00199221,0.565858,0.00199227,0.283072,0.00117773,0.563564,0.00117773,0.280778,0.425357,0.422171,0.283964,0.84635,0.425357,0.422171,0.56675,0.84635,0.849536,0.563564,0.56675,0.84635,0.425357,0.422171,0.426171,0.424465,0.567564,0.848644,0.284778,0.848644,0.426171,0.424465,0.284778,0.848644,0.00199221,0.565858,0.425357,0.422171,0.283964,0.84635,0.00117773,0.563564,0.567564,0.848644,0.426171,0.424465,0.850351,0.565858],
                "itemSize":2
            },
            "normal":{
                "type":"Float32Array",