{
    "metadata":{
        "generator":"io_three",
        "version":3,
        "type":"BufferGeometry",
        "normal":72,
        "uv":72,
        "position":72
    },
    "data":{
        "groups":[{
            "count":72,
            "materialIndex":0,
            "start":0
        }],
        "attributes":{
            "uv":{
                "type":"Float32Array",
                "itemSize":2,
                "array":[0.813616,1,0.896358,-5.58794e-09,0.908568,1,0.70388,1,0.758355,-5.58794e-09,0.752907,1,0.567636,-5.58794e-09,0.613595,1,0.543491,1,0.390379,-5.58794e-09,0.461347,1,0.327775,1,0.193024,-5.58794e-09,0.237041,1,0.1432,1,0.193024,-5.58794e-09,0.0620965,1,0.0794232,-5.58794e-09,0.292421,-5.58794e-09,0.327775,1,0.237041,1,0.509871,-5.58794e-09,0.543491,1,0.461347,1,0.0794232,-5.58794e-09,0.00231893,1,3.78374e-05,-5.58794e-09,0.613595,1,0.710104,-5.58794e-09,0.70388,1,0.752907,1,0.821877,-5.58794e-09,0.813616,1,0.908568,1,0.991749,-5.58794e-09,0.994658,1,0.813616,1,0.821877,-5.58794e-09,0.896358,-5.58794e-09,0.70388,1,0.710104,-5.58794e-09,0.758355,-5.58794e-09,0.567636,-5.58794e-09,0.6397,-5.58794e-09,0.613595,1,0.390379,-5.58794e-09,0.509871,-5.58794e-09,0.461347,1,0.193024,-5.58794e-09,0.292421,-5.58794e-09,0.237041,1,0.193024,-5.58794e-09,0.1432,1,0.0620965,1,0.292421,-5.58794e-09,0.390379,-5.58794e-09,0.327775,1,0.509871,-5.58794e-09,0.567636,-5.58794e-09,0.543491,1,0.0794232,-5.58794e-09,0.0620965,1,0.00231893,1,0.613595,1,0.6397,-5.58794e-09,0.710104,-5.58794e-09,0.752907,1,0.758355,-5.58794e-09,0.821877,-5.58794e-09,0.908568,1,0.896358,-5.58794e-09,0.991749,-5.58794e-09]
            },
            "normal":{
                "type":"Float32Array",
                "itemSize":3,
                "array":[4.34903e-08,-1.77071e-07,1,4.34903e-08,-1.77071e-07,1,4.34903e-08,-1.77071e-07,1,-1.00532e-07,-2.85948e-07,1,-1.00532e-07,-2.85948e-07,1,-1.00532e-07,-2.85948e-07,1,6.7526e-08,-1.76499e-07,1,6.7526e-08,-1.76499e-07,1,6.7526e-08,-1.76499e-07,1,5.94438e-08,-1.79852e-07,1,5.94438e-08,-1.79852e-07,1,5.94438e-08,-1.79852e-07,1,6.40846e-08,-1.51517e-07,1,6.40846e-08,-1.51517e-07,1,6.40846e-08,-1.51517e-07,1,1.09098e-07,-1.32471e-07,1,1.09098e-07,-1.32471e-07,1,1.09098e-07,-1.32471e-07,1,-3.45261e-08,-1.93724e-07,1,-3.45261e-08,-1.93724e-07,1,-3.45261e-08,-1.93724e-07,1,6.17374e-08,-1.80323e-07,1,6.17374e-08,-1.80323e-07,1,6.17374e-08,-1.80323e-07,1,1.2963e-07,-1.43821e-07,1,1.2963e-07,-1.43821e-07,1,1.2963e-07,-1.43821e-07,1,2.3746e-07,-8.70715e-08,1,2.3746e-07,-8.70715e-08,1,2.3746e-07,-8.70715e-08,1,4.50319e-08,-1.78989e-07,1,4.50319e-08,-1.78989e-07,1,4.50319e-08,-1.78989e-07,1,4.49288e-08,-1.76809e-07,1,4.49288e-08,-1.76809e-07,1,4.49288e-08,-1.76809e-07,1,4.46774e-08,-1.79528e-07,1,4.46774e-08,-1.79528e-07,1,4.46774e-08,-1.79528e-07,1,-2.61051e-09,-1.66641e-07,1,-2.61051e-09,-1.66641e-07,1,-2.61051e-09,-1.66641e-07,1,6.75263e-08,-1.76499e-07,1,6.75263e-08,-1.76499e-07,1,6.75263e-08,-1.76499e-07,1,5.93822e-08,-1.79728e-07,1,5.93822e-08,-1.79728e-07,1,5.93822e-08,-1.79728e-07,1,-2.90667e-08,-2.09392e-07,1,-2.90667e-08,-2.09392e-07,1,-2.90667e-08,-2.09392e-07,1,6.66933e-08,-1.01812e-07,1,6.66933e-08,-1.01812e-07,1,6.66933e-08,-1.01812e-07,1,9.18832e-10,-1.49502e-07,1,9.18832e-10,-1.49502e-07,1,9.18832e-10,-1.49502e-07,1,5.51901e-08,-1.76232e-07,1,5.51901e-08,-1.76232e-07,1,5.51901e-08,-1.76232e-07,1,1.16741e-07,-1.24376e-07,1,1.16741e-07,-1.24376e-07,1,1.16741e-07,-1.24376e-07,1,6.74965e-08,-1.76503e-07,1,6.74965e-08,-1.76503e-07,1,6.74965e-08,-1.76503e-07,1,4.5157e-08,-1.76679e-07,1,4.5157e-08,-1.76679e-07,1,4.5157e-08,-1.76679e-07,1,4.38186e-08,-1.75489e-07,1,4.38186e-08,-1.75489e-07,1,4.38186e-08,-1.75489e-07,1]
            },
            "position":{
                "type":"Float32Array",
                "itemSize":3,
                "array":[61.1519,-78.1232,-3.00412e-06,185.054,-18.2547,2.20832e-06,59.1053,7.87975,1.23135e-05,19.258,-188.165,-2.81255e-05,151.376,-296.602,-4.58505e-05,42.4781,-151.407,-1.52801e-05,-53.1464,-402.71,-5.43828e-05,-17.2651,-193.913,-1.99532e-05,-48.4183,-184.307,-1.61541e-05,-173.768,-181.002,-8.01003e-06,-81.1203,-134.799,-5.20771e-06,-111.644,-61.2069,9.84246e-06,-202.846,158.029,5.14477e-05,-128.432,38.2556,2.85311e-05,-139.464,154.703,4.68818e-05,-202.846,158.029,5.14477e-05,-138.677,246.782,5.62041e-05,-192.334,297.445,6.87693e-05,-203.222,12.1949,2.09003e-05,-111.644,-61.2069,9.84246e-06,-128.432,38.2556,2.85311e-05,-124.304,-305.764,-3.33705e-05,-48.4183,-184.307,-1.61541e-05,-81.1203,-134.799,-5.20771e-06,-192.334,297.445,6.87693e-05,-129.159,339.318,6.66023e-05,-171.388,419.572,8.36186e-05,-17.2651,-193.913,-1.99532e-05,86.5679,-391.247,-6.17915e-05,19.258,-188.165,-2.81255e-05,42.4781,-151.407,-1.52801e-05,184.326,-159.092,-2.30434e-05,61.1519,-78.1232,-3.00412e-06,59.1053,7.87975,1.23135e-05,164.534,96.5988,2.3263e-05,58.2006,73.9685,2.40392e-05,61.1519,-78.1232,-3.00412e-06,184.326,-159.092,-2.30434e-05,185.054,-18.2547,2.20832e-06,19.258,-188.165,-2.81255e-05,86.5679,-391.247,-6.17915e-05,151.376,-296.602,-4.58505e-05,-53.1464,-402.71,-5.43828e-05,8.17405,-414.655,-6.06317e-05,-17.2651,-193.913,-1.99532e-05,-173.768,-181.002,-8.01003e-06,-124.304,-305.764,-3.33705e-05,-81.1203,-134.799,-5.20771e-06,-202.846,158.029,5.14477e-05,-203.222,12.1949,2.09003e-05,-128.432,38.2556,2.85311e-05,-202.846,158.029,5.14477e-05,-139.464,154.703,4.68818e-05,-138.677,246.782,5.62041e-05,-203.222,12.1949,2.09003e-05,-173.768,-181.002,-8.01003e-06,-111.644,-61.2069,9.84246e-06,-124.304,-305.764,-3.33705e-05,-53.1464,-402.71,-5.43828e-05,-48.4183,-184.307,-1.61541e-05,-192.334,297.445,6.87693e-05,-138.677,246.782,5.62041e-05,-129.159,339.318,6.66023e-05,-17.2651,-193.913,-1.99532e-05,8.17405,-414.655,-6.06317e-05,86.5679,-391.247,-6.17915e-05,42.4781,-151.407,-1.52801e-05,151.376,-296.602,-4.58505e-05,184.326,-159.092,-2.30434e-05,59.1053,7.87975,1.23135e-05,185.054,-18.2547,2.20832e-06,164.534,96.5988,2.3263e-05]
            }
        },
        "index":{
            "type":"Uint16Array",
            "itemSize":1,
            "array":[0,1,2,3,4,5,6,7,8,9,10,11,12,13,14,15,16,17,18,19,20,21,22,23,24,25,26,27,28,29,30,31,32,33,34,35,36,37,38,39,40,41,42,43,44,45,46,47,48,49,50,51,52,53,54,55,56,57,58,59,60,61,62,63,64,65,66,67,68,69,70,71]
        }
    }
}