{
    "metadata":{
        "generator":"io_three",
        "version":3,
        "type":"BufferGeometry",
        "normal":78,
        "uv":78,
        "position":78
    },
    "data":{
        "groups":[{
            "count":78,
            "materialIndex":0,
            "start":0
        }],
        "attributes":{
            "uv":{
                "type":"Float32Array",
                "itemSize":2,
                "array":[0.0789858,1,0.0367903,-5.58794e-09,0.0319697,1,0.162903,1,0.115995,-5.58794e-09,0.121017,1,0.314536,-5.58794e-09,0.258827,1,0.348283,1,0.566999,-5.58794e-09,0.464592,1,0.656325,1,0.806976,-5.58794e-09,0.762959,1,0.8568,1,0.806976,-5.58794e-09,0.937904,1,0.920577,-5.58794e-09,0.701036,-5.58794e-09,0.656325,1,0.762959,1,0.393016,-5.58794e-09,0.348283,1,0.464592,1,0.960269,-5.58794e-09,0.997681,1,0.999962,-5.58794e-09,0.258827,1,0.156115,-5.58794e-09,0.162903,1,0.121017,1,0.0735658,-5.58794e-09,0.0789858,1,0.0319697,1,0.00268235,-5.58794e-09,0.00173659,1,0.920577,-5.58794e-09,0.967792,1,0.960269,-5.58794e-09,0.0789858,1,0.0735658,-5.58794e-09,0.0367903,-5.58794e-09,0.162903,1,0.156115,-5.58794e-09,0.115995,-5.58794e-09,0.314536,-5.58794e-09,0.22727,-5.58794e-09,0.258827,1,0.566999,-5.58794e-09,0.393016,-5.58794e-09,0.464592,1,0.806976,-5.58794e-09,0.701036,-5.58794e-09,0.762959,1,0.806976,-5.58794e-09,0.8568,1,0.937904,1,0.701036,-5.58794e-09,0.566999,-5.58794e-09,0.656325,1,0.393016,-5.58794e-09,0.314536,-5.58794e-09,0.348283,1,0.960269,-5.58794e-09,0.967792,1,0.997681,1,0.258827,1,0.22727,-5.58794e-09,0.156115,-5.58794e-09,0.121017,1,0.115995,-5.58794e-09,0.0735658,-5.58794e-09,0.0319697,1,0.0367903,-5.58794e-09,0.00268235,-5.58794e-09,0.920577,-5.58794e-09,0.937904,1,0.967792,1]
            },
            "normal":{
                "type":"Float32Array",
                "itemSize":3,
                "array":[0,4.37114e-08,1,0,4.37114e-08,1,0,4.37114e-08,1,-6.09285e-09,1.71105e-08,1,-6.09285e-09,1.71105e-08,1,-6.09285e-09,1.71105e-08,1,-3.41558e-16,4.37114e-08,1,-3.41558e-16,4.37114e-08,1,-3.41558e-16,4.37114e-08,1,0,4.37114e-08,1,0,4.37114e-08,1,0,4.37114e-08,1,1.26409e-08,1.05118e-08,1,1.26409e-08,1.05118e-08,1,1.26409e-08,1.05118e-08,1,2.92733e-09,-6.95159e-09,1,2.92733e-09,-6.95159e-09,1,2.92733e-09,-6.95159e-09,1,4.34738e-16,4.37114e-08,1,4.34738e-16,4.37114e-08,1,4.34738e-16,4.37114e-08,1,5.21114e-16,4.37114e-08,1,5.21114e-16,4.37114e-08,1,5.21114e-16,4.37114e-08,1,2.25332e-08,-4.78197e-08,1,2.25332e-08,-4.78197e-08,1,2.25332e-08,-4.78197e-08,1,0,4.37114e-08,1,0,4.37114e-08,1,0,4.37114e-08,1,3.57335e-15,4.37114e-08,1,3.57335e-15,4.37114e-08,1,3.57335e-15,4.37114e-08,1,0,4.37114e-08,1,0,4.37114e-08,1,0,4.37114e-08,1,1.76976e-08,-3.69009e-08,1,1.76976e-08,-3.69009e-08,1,1.76976e-08,-3.69009e-08,1,5.36917e-16,4.37114e-08,1,5.36917e-16,4.37114e-08,1,5.36917e-16,4.37114e-08,1,6.26456e-09,-1.67058e-08,1,6.26456e-09,-1.67058e-08,1,6.26456e-09,-1.67058e-08,1,4.14629e-16,4.37114e-08,1,4.14629e-16,4.37114e-08,1,4.14629e-16,4.37114e-08,1,1.58619e-16,4.37114e-08,1,1.58619e-16,4.37114e-08,1,1.58619e-16,4.37114e-08,1,1.81323e-09,4.73777e-08,1,1.81323e-09,4.73777e-08,1,1.81323e-09,4.73777e-08,1,2.19074e-08,9.74927e-09,1,2.19074e-08,9.74927e-09,1,2.19074e-08,9.74927e-09,1,1.36215e-16,4.37114e-08,1,1.36215e-16,4.37114e-08,1,1.36215e-16,4.37114e-08,1,0,4.37114e-08,1,0,4.37114e-08,1,0,4.37114e-08,1,1.64555e-08,-2.84262e-08,1,1.64555e-08,-2.84262e-08,1,1.64555e-08,-2.84262e-08,1,4.40697e-16,4.37114e-08,1,4.40697e-16,4.37114e-08,1,4.40697e-16,4.37114e-08,1,-1.18781e-08,4.70943e-08,1,-1.18781e-08,4.70943e-08,1,-1.18781e-08,4.70943e-08,1,-1.02393e-15,4.37114e-08,1,-1.02393e-15,4.37114e-08,1,-1.02393e-15,4.37114e-08,1,1.17934e-08,-3.17066e-08,1,1.17934e-08,-3.17066e-08,1,1.17934e-08,-3.17066e-08,1]
            },
            "position":{
                "type":"Float32Array",
                "itemSize":3,
                "array":[269.818,115.745,-5.05938e-06,171.936,158.165,-6.91363e-06,129.45,114.011,-4.98357e-06,454,96.2243,-4.2061e-06,611.927,153.935,-4.23133e-06,389.449,111.009,-4.85237e-06,773.759,58.4018,-2.55282e-06,458.915,82.4523,-3.60411e-06,443.302,66.7301,-2.91686e-06,438.141,-2.47253,1.08078e-07,362.564,49.9586,-2.18376e-06,242.513,34.118,-1.49135e-06,-70.7712,-19.3376,1.28161e-06,80.208,25.0057,-1.09303e-06,-66.2125,36.0616,6.41638e-07,-70.7712,-19.3376,1.28161e-06,-133.205,51.6162,1.95762e-06,-264.514,4.58755,2.01508e-06,173.83,-21.2967,9.3091e-07,242.513,34.118,-1.49135e-06,80.208,25.0057,-1.09303e-06,626.8,18.3808,-8.03448e-07,443.302,66.7301,-2.91686e-06,362.564,49.9586,-2.18376e-06,-409.661,47.1277,6.1536e-06,-242.341,99.5642,4.89084e-06,-523.452,102.787,1.13793e-05,458.915,82.4523,-3.60411e-06,772.676,129.267,-5.65045e-06,454,96.2243,-4.2061e-06,389.449,111.009,-4.85237e-06,403.83,161.501,-7.05944e-06,269.818,115.745,-5.05938e-06,129.45,114.011,-4.98357e-06,-15.9526,151.058,-6.60296e-06,21.5842,113.039,-4.94111e-06,-264.514,4.58755,2.01508e-06,-200.062,77.847,3.57778e-06,-409.661,47.1277,6.1536e-06,269.818,115.745,-5.05938e-06,403.83,161.501,-7.05944e-06,171.936,158.165,-6.91363e-06,454,96.2243,-4.2061e-06,772.676,129.267,-5.65045e-06,611.927,153.935,-4.23133e-06,773.759,58.4018,-2.55282e-06,819.149,96.7364,-4.22848e-06,458.915,82.4523,-3.60411e-06,438.141,-2.47253,1.08078e-07,626.8,18.3808,-8.03448e-07,362.564,49.9586,-2.18376e-06,-70.7712,-19.3376,1.28161e-06,173.83,-21.2967,9.3091e-07,80.208,25.0057,-1.09303e-06,-70.7712,-19.3376,1.28161e-06,-66.2125,36.0616,6.41638e-07,-133.205,51.6162,1.95762e-06,173.83,-21.2967,9.3091e-07,438.141,-2.47253,1.08078e-07,242.513,34.118,-1.49135e-06,626.8,18.3808,-8.03448e-07,773.759,58.4018,-2.55282e-06,443.302,66.7301,-2.91686e-06,-409.661,47.1277,6.1536e-06,-200.062,77.847,3.57778e-06,-242.341,99.5642,4.89084e-06,458.915,82.4523,-3.60411e-06,819.149,96.7364,-4.22848e-06,772.676,129.267,-5.65045e-06,389.449,111.009,-4.85237e-06,611.927,153.935,-4.23133e-06,403.83,161.501,-7.05944e-06,129.45,114.011,-4.98357e-06,171.936,158.165,-6.91363e-06,-15.9526,151.058,-6.60296e-06,-264.514,4.58755,2.01508e-06,-133.205,51.6162,1.95762e-06,-200.062,77.847,3.57778e-06]
            }
        },
        "index":{
            "type":"Uint16Array",
            "itemSize":1,
            "array":[0,1,2,3,4,5,6,7,8,9,10,11,12,13,14,15,16,17,18,19,20,21,22,23,24,25,26,27,28,29,30,31,32,33,34,35,36,37,38,39,40,41,42,43,44,45,46,47,48,49,50,51,52,53,54,55,56,57,58,59,60,61,62,63,64,65,66,67,68,69,70,71,72,73,74,75,76,77]
        }
    }
}