{
    "metadata":{
        "generator":"io_three",
        "version":3,
        "type":"BufferGeometry",
        "normal":48,
        "uv":48,
        "position":48
    },
    "data":{
        "groups":[{
            "count":48,
            "materialIndex":0,
            "start":0
        }],
        "attributes":{
            "uv":{
                "type":"Float32Array",
                "itemSize":2,
                "array":[0.890277,0.186781,0.770584,0.302413,0.759646,0.267978,0.90734,0.769334,0.784121,0.650218,0.81056,0.66369,0.24006,0.996094,0.480297,-2.98023e-08,0.481854,1,0.0801824,-0.00390625,0.000623018,1,0,-2.98023e-08,0.481854,1,0.999684,-2.98023e-08,1,1,0.90734,0.769334,0.941468,0.9213,0.782754,0.688992,0.0806416,0.996094,0.239379,-0.00390625,0.24006,0.996094,0.890277,0.186781,0.95876,0.0220631,0.996014,-0.00288597,0.890277,0.186781,0.8058,0.277111,0.770584,0.302413,0.90734,0.769334,0.782754,0.688992,0.784121,0.650218,0.24006,0.996094,0.239379,-0.00390625,0.480297,-2.98023e-08,0.0801824,-0.00390625,0.0806416,0.996094,0.000623018,1,0.481854,1,0.480297,-2.98023e-08,0.999684,-2.98023e-08,0.90734,0.769334,0.973243,0.939911,0.941468,0.9213,0.0806416,0.996094,0.0801824,-0.00390625,0.239379,-0.00390625,0.890277,0.186781,0.759646,0.267978,0.95876,0.0220631]
            },
            "normal":{
                "type":"Float32Array",
                "itemSize":3,
                "array":[-5.80593e-16,-9.06473e-08,1,-5.80593e-16,-9.06473e-08,1,-5.80593e-16,-9.06473e-08,1,-6.83139e-14,-9.06475e-08,1,-6.83139e-14,-9.06475e-08,1,-6.83139e-14,-9.06475e-08,1,-1.22788e-08,-1.51113e-09,1,-1.22788e-08,-1.51113e-09,1,-1.22788e-08,-1.51113e-09,1,-1.97533e-09,-1.75769e-09,1,-1.97533e-09,-1.75769e-09,1,-1.97533e-09,-1.75769e-09,1,-8.4805e-09,-1.60202e-09,1,-8.4805e-09,-1.60202e-09,1,-8.4805e-09,-1.60202e-09,1,1.23387e-08,-6.28399e-08,1,1.23387e-08,-6.28399e-08,1,1.23387e-08,-6.28399e-08,1,-6.935e-09,-1.63901e-09,1,-6.935e-09,-1.63901e-09,1,-6.935e-09,-1.63901e-09,1,-1.36307e-13,-9.06473e-08,1,-1.36307e-13,-9.06473e-08,1,-1.36307e-13,-9.06473e-08,1,2.43492e-06,-3.05237e-06,1,2.43492e-06,-3.05237e-06,1,2.43492e-06,-3.05237e-06,1,2.34951e-08,-6.82946e-08,1,2.34951e-08,-6.82946e-08,1,2.34951e-08,-6.82946e-08,1,-1.22788e-08,-1.51112e-09,1,-1.22788e-08,-1.51112e-09,1,-1.22788e-08,-1.51112e-09,1,-1.97533e-09,-1.75769e-09,1,-1.97533e-09,-1.75769e-09,1,-1.97533e-09,-1.75769e-09,1,-8.4805e-09,-1.60202e-09,1,-8.4805e-09,-1.60202e-09,1,-8.4805e-09,-1.60202e-09,1,7.20678e-14,-9.06473e-08,1,7.20678e-14,-9.06473e-08,1,7.20678e-14,-9.06473e-08,1,-6.935e-09,-1.639e-09,1,-6.935e-09,-1.639e-09,1,-6.935e-09,-1.639e-09,1,-9.25944e-14,-9.06474e-08,1,-9.25944e-14,-9.06474e-08,1,-9.25944e-14,-9.06474e-08,1]
            },
            "position":{
                "type":"Float32Array",
                "itemSize":3,
                "array":[716.632,-33.6602,-1.24814e-06,753.636,-3.23799,1.50955e-06,698.073,-6.58482,1.20617e-06,716.555,106.467,1.1454e-05,746.822,74.6533,8.5702e-06,755.629,82.1114,9.24625e-06,341.496,67.7532,3.91592e-06,759.729,-1.81672,8.94618e-06,761.698,80.439,9.09465e-06,-91.1703,-3.46698,7.98645e-07,-424.772,29.7491,1.98057e-07,-425.559,-3.17163,1.38637e-07,761.698,80.439,9.09465e-06,838.581,38.3999,9.67931e-06,838.981,55.0923,9.70944e-06,716.555,106.467,1.1454e-05,615.865,151.145,1.5504e-05,699.85,72.3006,9.51313e-06,-90.0126,44.9144,8.85972e-07,339.779,-4.00089,3.7864e-06,341.496,67.7532,3.91592e-06,716.632,-33.6602,-1.24814e-06,625.148,-86.4938,-6.03737e-06,629.898,-98.0459,-7.08455e-06,716.632,-33.6602,-1.24814e-06,756.429,-1.52752,-6.96972e-08,753.636,-3.23799,1.50955e-06,716.555,106.467,1.1454e-05,699.85,72.3006,9.51313e-06,746.822,74.6533,8.5702e-06,341.496,67.7532,3.91592e-06,339.779,-4.00089,3.7864e-06,759.729,-1.81672,8.94618e-06,-91.1703,-3.46698,7.98645e-07,-90.0126,44.9144,8.85972e-07,-424.772,29.7491,1.98057e-07,761.698,80.439,9.09465e-06,759.729,-1.81672,8.94618e-06,838.581,38.3999,9.67931e-06,716.555,106.467,1.1454e-05,624.124,160.515,1.63533e-05,615.865,151.145,1.5504e-05,-90.0126,44.9144,8.85972e-07,-91.1703,-3.46698,7.98645e-07,339.779,-4.00089,3.7864e-06,716.632,-33.6602,-1.24814e-06,698.073,-6.58482,1.20617e-06,625.148,-86.4938,-6.03737e-06]
            }
        },
        "index":{
            "type":"Uint16Array",
            "itemSize":1,
            "array":[0,1,2,3,4,5,6,7,8,9,10,11,12,13,14,15,16,17,18,19,20,21,22,23,24,25,26,27,28,29,30,31,32,33,34,35,36,37,38,39,40,41,42,43,44,45,46,47]
        }
    }
}