{
    "metadata":{
        "version":3,
        "type":"BufferGeometry",
        "generator":"io_three",
        "normal":72,
        "position":72,
        "uv":72
    },
    "data":{
        "groups":[{
            "count":72,
            "materialIndex":0,
            "start":0
        }],
        "attributes":{
            "normal":{
                "array":[5.49027e-09,-4.61976e-08,1,5.49027e-09,-4.61976e-08,1,5.49027e-09,-4.61976e-08,1,2.80121e-09,-1.16377e-08,1,2.80121e-09,-1.16377e-08,1,2.80121e-09,-1.16377e-08,1,9.30655e-09,-2.64224e-09,1,9.30655e-09,-2.64224e-09,1,9.30655e-09,-2.64224e-09,1,9.65258e-09,-1.93102e-08,1,9.65258e-09,-1.93102e-08,1,9.65258e-09,-1.93102e-08,1,5.92753e-09,-4.3989e-08,1,5.92753e-09,-4.3989e-08,1,5.92753e-09,-4.3989e-08,1,8.02054e-09,-4.37746e-08,1,8.02054e-09,-4.37746e-08,1,8.02054e-09,-4.37746e-08,1,7.59969e-09,-2.92465e-08,1,7.59969e-09,-2.92465e-08,1,7.59969e-09,-2.92465e-08,1,1.07751e-08,-1.15105e-08,1,1.07751e-08,-1.15105e-08,1,1.07751e-08,-1.15105e-08,1,1.04067e-08,-4.71281e-08,1,1.04067e-08,-4.71281e-08,1,1.04067e-08,-4.71281e-08,1,3.45267e-09,1.53078e-08,1,3.45267e-09,1.53078e-08,1,3.45267e-09,1.53078e-08,1,4.11614e-09,-3.47282e-08,1,4.11614e-09,-3.47282e-08,1,4.11614e-09,-3.47282e-08,1,6.4954e-09,-4.30565e-08,1,6.4954e-09,-4.30565e-08,1,6.4954e-09,-4.30565e-08,1,7.32856e-09,-4.83078e-08,1,7.32856e-09,-4.83078e-08,1,7.32856e-09,-4.83078e-08,1,5.85854e-09,-2.36766e-08,1,5.85854e-09,-2.36766e-08,1,5.85854e-09,-2.36766e-08,1,4.80531e-09,-2.42358e-08,1,4.80531e-09,-2.42358e-08,1,4.80531e-09,-2.42358e-08,1,9.46667e-09,-1.92816e-08,1,9.46667e-09,-1.92816e-08,1,9.46667e-09,-1.92816e-08,1,4.97424e-09,-3.36185e-08,1,4.97424e-09,-3.36185e-08,1,4.97424e-09,-3.36185e-08,1,7.09585e-09,-4.59895e-08,1,7.09585e-09,-4.59895e-08,1,7.09585e-09,-4.59895e-08,1,7.22499e-09,-2.80556e-08,1,7.22499e-09,-2.80556e-08,1,7.22499e-09,-2.80556e-08,1,8.17981e-09,-1.69206e-08,1,8.17981e-09,-1.69206e-08,1,8.17981e-09,-1.69206e-08,1,8.79701e-09,-4.75393e-08,1,8.79701e-09,-4.75393e-08,1,8.79701e-09,-4.75393e-08,1,4.37932e-09,8.67336e-09,1,4.37932e-09,8.67336e-09,1,4.37932e-09,8.67336e-09,1,6.746e-09,-4.07313e-08,1,6.746e-09,-4.07313e-08,1,6.746e-09,-4.07313e-08,1,3.46037e-09,-4.12069e-08,1,3.46037e-09,-4.12069e-08,1,3.46037e-09,-4.12069e-08,1],
                "itemSize":3,
                "type":"Float32Array"
            },
            "position":{
                "array":[486.963,91.329,-7.19072e-07,566.729,160.819,2.05325e-06,434.913,107.204,3.00103e-07,555.974,52.4766,-1.86078e-06,752.934,102.495,-1.83041e-06,530.265,72.3037,-1.55802e-06,746.95,-7.31862,-3.45412e-06,554.228,32.8551,-1.55439e-06,511.424,11.2674,-1.21307e-06,414.421,-51.1483,-1.25045e-06,421.437,-5.46967,-4.36111e-07,280.801,-14.0579,7.55549e-07,-188.424,-39.8724,2.71049e-06,94.3461,-13.8792,2.17778e-06,-125.903,-3.3587,3.94609e-06,-188.424,-39.8724,2.71049e-06,-323.398,16.4766,6.2597e-06,-464.825,-12.6931,6.11714e-06,158.646,-52.4919,5.59829e-07,280.801,-14.0579,7.55549e-07,94.3461,-13.8792,2.17778e-06,613.845,-37.8648,-2.8822e-06,511.424,11.2674,-1.21307e-06,421.437,-5.46967,-4.36111e-07,-464.825,-12.6931,6.11714e-06,-478.313,40.1094,8.74598e-06,-766.381,53.7652,1.23874e-05,554.228,32.8551,-1.55439e-06,804.534,67.8162,-2.95379e-06,555.974,52.4766,-1.86078e-06,530.265,72.3037,-1.55802e-06,675.505,135.931,5.3803e-08,486.963,91.329,-7.19072e-07,434.913,107.204,3.00103e-07,469.736,164.347,2.53426e-06,401.998,118.123,9.84032e-07,486.963,91.329,-7.19072e-07,675.505,135.931,5.3803e-08,566.729,160.819,2.05325e-06,555.974,52.4766,-1.86078e-06,804.534,67.8162,-2.95379e-06,752.934,102.495,-1.83041e-06,746.95,-7.31862,-3.45412e-06,812.75,36.2015,-2.71557e-06,554.228,32.8551,-1.55439e-06,414.421,-51.1483,-1.25045e-06,613.845,-37.8648,-2.8822e-06,421.437,-5.46967,-4.36111e-07,-188.424,-39.8724,2.71049e-06,158.646,-52.4919,5.59829e-07,94.3461,-13.8792,2.17778e-06,-188.424,-39.8724,2.71049e-06,-125.903,-3.3587,3.94609e-06,-323.398,16.4766,6.2597e-06,158.646,-52.4919,5.59829e-07,414.421,-51.1483,-1.25045e-06,280.801,-14.0579,7.55549e-07,613.845,-37.8648,-2.8822e-06,746.95,-7.31862,-3.45412e-06,511.424,11.2674,-1.21307e-06,-464.825,-12.6931,6.11714e-06,-323.398,16.4766,6.2597e-06,-478.313,40.1094,8.74598e-06,554.228,32.8551,-1.55439e-06,812.75,36.2015,-2.71557e-06,804.534,67.8162,-2.95379e-06,530.265,72.3037,-1.55802e-06,752.934,102.495,-1.83041e-06,675.505,135.931,5.3803e-08,434.913,107.204,3.00103e-07,566.729,160.819,2.05325e-06,469.736,164.347,2.53426e-06],
                "itemSize":3,
                "type":"Float32Array"
            },
            "uv":{
                "array":[0.78462,1,0.885762,-2.44353e-11,0.89982,1,0.633814,1,0.709674,-5.0069e-10,0.701799,1,0.472912,-1.72474e-09,0.520266,1,0.452329,1,0.280142,-1.17231e-09,0.328486,1,0.247806,1,0.108627,-6.19207e-11,0.135635,1,0.082905,1,0.108627,-6.19207e-11,0.0360412,1,0.0416837,-1.46887e-12,0.185928,-3.78772e-10,0.247806,1,0.135635,1,0.374583,-1.9663e-09,0.452329,1,0.328486,1,0.0416837,-1.46887e-12,0.00150175,1,0.00103501,0,0.520266,1,0.642011,-8.22528e-10,0.633814,1,0.701799,1,0.795178,-1.85317e-10,0.78462,1,0.89982,1,0.991648,0,0.99476,1,0.78462,1,0.795178,-1.85317e-10,0.885762,-2.44353e-11,0.633814,1,0.642011,-8.22528e-10,0.709674,-5.0069e-10,0.472912,-1.72474e-09,0.551278,-1.32101e-09,0.520266,1,0.280142,-1.17231e-09,0.374583,-1.9663e-09,0.328486,1,0.108627,-6.19207e-11,0.185928,-3.78772e-10,0.135635,1,0.108627,-6.19207e-11,0.082905,1,0.0360412,1,0.185928,-3.78772e-10,0.280142,-1.17231e-09,0.247806,1,0.374583,-1.9663e-09,0.472912,-1.72474e-09,0.452329,1,0.0416837,-1.46887e-12,0.0360412,1,0.00150175,1,0.520266,1,0.551278,-1.32101e-09,0.642011,-8.22528e-10,0.701799,1,0.709674,-5.0069e-10,0.795178,-1.85317e-10,0.89982,1,0.885762,-2.44353e-11,0.991648,0],
                "itemSize":2,
                "type":"Float32Array"
            }
        },
        "index":{
            "array":[0,1,2,3,4,5,6,7,8,9,10,11,12,13,14,15,16,17,18,19,20,21,22,23,24,25,26,27,28,29,30,31,32,33,34,35,36,37,38,39,40,41,42,43,44,45,46,47,48,49,50,51,52,53,54,55,56,57,58,59,60,61,62,63,64,65,66,67,68,69,70,71],
            "itemSize":1,
            "type":"Uint16Array"
        }
    }
}