{
    "metadata":{
        "generator":"io_three",
        "version":3,
        "type":"BufferGeometry",
        "normal":78,
        "uv":78,
        "position":78
    },
    "data":{
        "groups":[{
            "count":78,
            "materialIndex":0,
            "start":0
        }],
        "attributes":{
            "uv":{
                "type":"Float32Array",
                "itemSize":2,
                "array":[0.918624,1,0.965441,-4.24802e-10,0.969812,1,0.83799,1,0.872306,-2.07594e-09,0.865486,1,0.618475,-4.72325e-09,0.68631,1,0.579841,1,0.365731,-4.32072e-09,0.453839,1,0.292564,1,0.153953,-1.51286e-09,0.195868,1,0.109716,1,0.153953,-1.51286e-09,0.045616,1,0.058747,-3.00477e-10,0.253946,-2.94457e-09,0.292564,1,0.195868,1,0.53004,-5.21212e-09,0.579841,1,0.453839,1,0.058747,-3.00477e-10,0.00200041,1,0.000356355,0,0.68631,1,0.819727,-2.78518e-09,0.810494,1,0.865486,1,0.925418,-1.21362e-09,0.918624,1,0.965441,-4.24802e-10,0.993535,1,0.969812,1,0.810494,1,0.846017,-2.43056e-09,0.83799,1,0.918624,1,0.925418,-1.21362e-09,0.965441,-4.24802e-10,0.83799,1,0.846017,-2.43056e-09,0.872306,-2.07594e-09,0.618475,-4.72325e-09,0.72656,-3.80947e-09,0.68631,1,0.365731,-4.32072e-09,0.53004,-5.21212e-09,0.453839,1,0.153953,-1.51286e-09,0.253946,-2.94457e-09,0.195868,1,0.153953,-1.51286e-09,0.109716,1,0.045616,1,0.253946,-2.94457e-09,0.365731,-4.32072e-09,0.292564,1,0.53004,-5.21212e-09,0.618475,-4.72325e-09,0.579841,1,0.058747,-3.00477e-10,0.045616,1,0.00200041,1,0.68631,1,0.72656,-3.80947e-09,0.819727,-2.78518e-09,0.865486,1,0.872306,-2.07594e-09,0.925418,-1.21362e-09,0.965441,-4.24802e-10,0.992872,0,0.993535,1,0.810494,1,0.819727,-2.78518e-09,0.846017,-2.43056e-09]
            },
            "normal":{
                "type":"Float32Array",
                "itemSize":3,
                "array":[7.15208e-08,-5.51547e-08,1,7.15208e-08,-5.51547e-08,1,7.15208e-08,-5.51547e-08,1,1.01641e-08,-1.25658e-07,1,1.01641e-08,-1.25658e-07,1,1.01641e-08,-1.25658e-07,1,-7.81332e-11,-1.07251e-07,1,-7.81332e-11,-1.07251e-07,1,-7.81332e-11,-1.07251e-07,1,-4.04316e-09,-7.97766e-09,1,-4.04316e-09,-7.97766e-09,1,-4.04316e-09,-7.97766e-09,1,0,4.37114e-08,1,0,4.37114e-08,1,0,4.37114e-08,1,-2.80762e-16,4.37114e-08,1,-2.80762e-16,4.37114e-08,1,-2.80762e-16,4.37114e-08,1,-2.58978e-16,4.37114e-08,1,-2.58978e-16,4.37114e-08,1,-2.58978e-16,4.37114e-08,1,-5.66821e-10,-5.32557e-08,1,-5.66821e-10,-5.32557e-08,1,-5.66821e-10,-5.32557e-08,1,0,4.37114e-08,1,0,4.37114e-08,1,0,4.37114e-08,1,2.37362e-09,-1.10369e-07,1,2.37362e-09,-1.10369e-07,1,2.37362e-09,-1.10369e-07,1,6.99771e-09,-1.09534e-07,1,6.99771e-09,-1.09534e-07,1,6.99771e-09,-1.09534e-07,1,1.01913e-08,-1.75001e-08,1,1.01913e-08,-1.75001e-08,1,1.01913e-08,-1.75001e-08,1,7.86827e-09,-1.40014e-07,1,7.86827e-09,-1.40014e-07,1,7.86827e-09,-1.40014e-07,1,1.2602e-08,-1.2063e-07,1,1.2602e-08,-1.2063e-07,1,1.2602e-08,-1.2063e-07,1,3.76456e-09,-1.14995e-07,1,3.76456e-09,-1.14995e-07,1,3.76456e-09,-1.14995e-07,1,2.93576e-09,-7.83252e-08,1,2.93576e-09,-7.83252e-08,1,2.93576e-09,-7.83252e-08,1,2.79632e-09,9.44687e-09,1,2.79632e-09,9.44687e-09,1,2.79632e-09,9.44687e-09,1,0,4.37114e-08,1,0,4.37114e-08,1,0,4.37114e-08,1,3.07298e-16,4.37114e-08,1,3.07298e-16,4.37114e-08,1,3.07298e-16,4.37114e-08,1,7.87946e-17,4.37114e-08,1,7.87946e-17,4.37114e-08,1,7.87946e-17,4.37114e-08,1,1.60163e-10,-4.86403e-08,1,1.60163e-10,-4.86403e-08,1,1.60163e-10,-4.86403e-08,1,-3.16384e-16,4.37114e-08,1,-3.16384e-16,4.37114e-08,1,-3.16384e-16,4.37114e-08,1,3.81164e-09,-1.18084e-07,1,3.81164e-09,-1.18084e-07,1,3.81164e-09,-1.18084e-07,1,4.90806e-09,-1.10017e-07,1,4.90806e-09,-1.10017e-07,1,4.90806e-09,-1.10017e-07,1,-1.2262e-08,2.35821e-08,1,-1.2262e-08,2.35821e-08,1,-1.2262e-08,2.35821e-08,1,3.60002e-09,-1.23618e-07,1,3.60002e-09,-1.23618e-07,1,3.60002e-09,-1.23618e-07,1]
            },
            "position":{
                "type":"Float32Array",
                "itemSize":3,
                "array":[142.703,221.795,2.19652e-05,43.5368,311.032,3.39795e-05,-7.37549,228.109,3.30472e-05,395.761,159.503,1.27468e-05,574.43,266.731,2.44048e-05,335.223,186.348,1.67353e-05,801.347,57.6477,6.21765e-07,430.207,96.3182,4.74022e-06,413.943,59.2228,7.60426e-07,438.141,6.7427,-2.94733e-07,356.913,38.626,-3.68793e-07,242.513,22.0449,-9.63611e-07,-93.2934,-7.02605,3.07119e-07,80.208,16.1571,-7.06247e-07,-87.9871,12.1223,-5.29884e-07,-93.2934,-7.02605,3.07119e-07,-187.31,12.111,-5.29389e-07,-269.889,-5.53545,2.41962e-07,173.83,-2.08419,9.11026e-08,242.513,22.0449,-9.63611e-07,80.208,16.1571,-7.06247e-07,641.67,23.3527,-1.02078e-06,413.943,59.2228,7.60426e-07,356.913,38.626,-3.68793e-07,-269.889,-5.53545,2.41962e-07,-294.659,12.016,-5.25234e-07,-425.559,-2.0493,8.95779e-08,430.207,96.3182,4.74022e-06,816.196,168.269,1.17652e-05,416.558,131.274,8.63069e-06,335.223,186.348,1.67353e-05,307.797,305.186,2.99441e-05,142.703,221.795,2.19652e-05,43.5368,311.032,3.39795e-05,-121.387,220.894,3.40829e-05,-7.37549,228.109,3.30472e-05,416.558,131.274,8.63069e-06,745.145,216.808,1.80213e-05,395.761,159.503,1.27468e-05,142.703,221.795,2.19652e-05,307.797,305.186,2.99441e-05,43.5368,311.032,3.39795e-05,395.761,159.503,1.27468e-05,745.145,216.808,1.80213e-05,574.43,266.731,2.44048e-05,801.347,57.6477,6.21765e-07,827.697,105.075,4.25916e-06,430.207,96.3182,4.74022e-06,438.141,6.7427,-2.94733e-07,641.67,23.3527,-1.02078e-06,356.913,38.626,-3.68793e-07,-93.2934,-7.02605,3.07119e-07,173.83,-2.08419,9.11026e-08,80.208,16.1571,-7.06247e-07,-93.2934,-7.02605,3.07119e-07,-87.9871,12.1223,-5.29884e-07,-187.31,12.111,-5.29389e-07,173.83,-2.08419,9.11026e-08,438.141,6.7427,-2.94733e-07,242.513,22.0449,-9.63611e-07,641.67,23.3527,-1.02078e-06,801.347,57.6477,6.21765e-07,413.943,59.2228,7.60426e-07,-269.889,-5.53545,2.41962e-07,-187.31,12.111,-5.29389e-07,-294.659,12.016,-5.25234e-07,430.207,96.3182,4.74022e-06,827.697,105.075,4.25916e-06,816.196,168.269,1.17652e-05,335.223,186.348,1.67353e-05,574.43,266.731,2.44048e-05,307.797,305.186,2.99441e-05,43.5368,311.032,3.39795e-05,-247.243,298.497,3.07096e-05,-121.387,220.894,3.40829e-05,416.558,131.274,8.63069e-06,816.196,168.269,1.17652e-05,745.145,216.808,1.80213e-05]
            }
        },
        "index":{
            "type":"Uint16Array",
            "itemSize":1,
            "array":[0,1,2,3,4,5,6,7,8,9,10,11,12,13,14,15,16,17,18,19,20,21,22,23,24,25,26,27,28,29,30,31,32,33,34,35,36,37,38,39,40,41,42,43,44,45,46,47,48,49,50,51,52,53,54,55,56,57,58,59,60,61,62,63,64,65,66,67,68,69,70,71,72,73,74,75,76,77]
        }
    }
}