{
    "metadata":{
        "generator":"io_three",
        "version":3,
        "type":"BufferGeometry",
        "normal":72,
        "uv":72,
        "position":72
    },
    "data":{
        "groups":[{
            "count":72,
            "materialIndex":0,
            "start":0
        }],
        "attributes":{
            "uv":{
                "type":"Float32Array",
                "itemSize":2,
                "array":[0.813616,1,0.896358,-5.58794e-09,0.908568,1,0.70388,1,0.758355,-5.58794e-09,0.752907,1,0.567636,-5.58794e-09,0.613595,1,0.543491,1,0.390379,-5.58794e-09,0.461347,1,0.327775,1,0.193024,-5.58794e-09,0.237041,1,0.1432,1,0.193024,-5.58794e-09,0.0620965,1,0.0794232,-5.58794e-09,0.292421,-5.58794e-09,0.327775,1,0.237041,1,0.509871,-5.58794e-09,0.543491,1,0.461347,1,0.0794232,-5.58794e-09,0.00231893,1,3.78374e-05,-5.58794e-09,0.613595,1,0.710104,-5.58794e-09,0.70388,1,0.752907,1,0.821877,-5.58794e-09,0.813616,1,0.908568,1,0.991749,-5.58794e-09,0.994658,1,0.813616,1,0.821877,-5.58794e-09,0.896358,-5.58794e-09,0.70388,1,0.710104,-5.58794e-09,0.758355,-5.58794e-09,0.567636,-5.58794e-09,0.6397,-5.58794e-09,0.613595,1,0.390379,-5.58794e-09,0.509871,-5.58794e-09,0.461347,1,0.193024,-5.58794e-09,0.292421,-5.58794e-09,0.237041,1,0.193024,-5.58794e-09,0.1432,1,0.0620965,1,0.292421,-5.58794e-09,0.390379,-5.58794e-09,0.327775,1,0.509871,-5.58794e-09,0.567636,-5.58794e-09,0.543491,1,0.0794232,-5.58794e-09,0.0620965,1,0.00231893,1,0.613595,1,0.6397,-5.58794e-09,0.710104,-5.58794e-09,0.752907,1,0.758355,-5.58794e-09,0.821877,-5.58794e-09,0.908568,1,0.896358,-5.58794e-09,0.991749,-5.58794e-09]
            },
            "normal":{
                "type":"Float32Array",
                "itemSize":3,
                "array":[0,4.37114e-08,1,0,4.37114e-08,1,0,4.37114e-08,1,-1.77643e-15,4.37114e-08,1,-1.77643e-15,4.37114e-08,1,-1.77643e-15,4.37114e-08,1,1.61872e-16,4.37114e-08,1,1.61872e-16,4.37114e-08,1,1.61872e-16,4.37114e-08,1,-3.06125e-16,4.37114e-08,1,-3.06125e-16,4.37114e-08,1,-3.06125e-16,4.37114e-08,1,-3.67371e-16,4.37114e-08,1,-3.67371e-16,4.37114e-08,1,-3.67371e-16,4.37114e-08,1,-7.25641e-16,4.37114e-08,1,-7.25641e-16,4.37114e-08,1,-7.25641e-16,4.37114e-08,1,1.67334e-16,4.37114e-08,1,1.67334e-16,4.37114e-08,1,1.67334e-16,4.37114e-08,1,6.27613e-16,4.37114e-08,1,6.27613e-16,4.37114e-08,1,6.27613e-16,4.37114e-08,1,0,4.37114e-08,1,0,4.37114e-08,1,0,4.37114e-08,1,-7.4936e-16,4.37114e-08,1,-7.4936e-16,4.37114e-08,1,-7.4936e-16,4.37114e-08,1,1.28098e-15,4.37114e-08,1,1.28098e-15,4.37114e-08,1,1.28098e-15,4.37114e-08,1,0,4.37114e-08,1,0,4.37114e-08,1,0,4.37114e-08,1,-5.29308e-16,4.37114e-08,1,-5.29308e-16,4.37114e-08,1,-5.29308e-16,4.37114e-08,1,-6.23835e-16,4.37114e-08,1,-6.23835e-16,4.37114e-08,1,-6.23835e-16,4.37114e-08,1,5.0274e-16,4.37114e-08,1,5.0274e-16,4.37114e-08,1,5.0274e-16,4.37114e-08,1,3.64274e-16,4.37114e-08,1,3.64274e-16,4.37114e-08,1,3.64274e-16,4.37114e-08,1,-1.10144e-16,4.37114e-08,1,-1.10144e-16,4.37114e-08,1,-1.10144e-16,4.37114e-08,1,3.77799e-16,4.37114e-08,1,3.77799e-16,4.37114e-08,1,3.77799e-16,4.37114e-08,1,0,4.37114e-08,1,0,4.37114e-08,1,0,4.37114e-08,1,2.01369e-16,4.37114e-08,1,2.01369e-16,4.37114e-08,1,2.01369e-16,4.37114e-08,1,1.07081e-16,4.37114e-08,1,1.07081e-16,4.37114e-08,1,1.07081e-16,4.37114e-08,1,1.02403e-15,4.37114e-08,1,1.02403e-15,4.37114e-08,1,1.02403e-15,4.37114e-08,1,8.59981e-17,4.37114e-08,1,8.59981e-17,4.37114e-08,1,8.59981e-17,4.37114e-08,1,1.71724e-15,4.37114e-08,1,1.71724e-15,4.37114e-08,1,1.71724e-15,4.37114e-08,1]
            },
            "position":{
                "type":"Float32Array",
                "itemSize":3,
                "array":[269.818,107.625,-4.70444e-06,171.936,147.069,-6.4286e-06,129.45,106.012,-4.63395e-06,454,96.2243,-4.2061e-06,626.279,141.001,-6.16336e-06,389.449,103.221,-4.51195e-06,799.782,65.8368,-2.87782e-06,458.915,82.4523,-3.60411e-06,443.302,66.7301,-2.91686e-06,438.141,10.4354,-4.56146e-07,362.564,49.9586,-2.18376e-06,242.513,34.118,-1.49135e-06,-93.2934,-10.874,4.75316e-07,80.208,25.0057,-1.09303e-06,-87.9871,18.7613,-8.20083e-07,-93.2934,-10.874,4.75316e-07,-187.31,18.7438,-8.19317e-07,-269.889,-8.567,3.74476e-07,173.83,-3.22562,1.40996e-07,242.513,34.118,-1.49135e-06,80.208,25.0057,-1.09303e-06,641.67,36.1421,-1.57982e-06,443.302,66.7301,-2.91686e-06,362.564,49.9586,-2.18376e-06,-269.889,-8.567,3.74476e-07,-294.659,18.5966,-8.12885e-07,-425.559,-3.17163,1.38637e-07,458.915,82.4523,-3.60411e-06,798.698,118.115,-5.16296e-06,454,96.2243,-4.2061e-06,389.449,103.221,-4.51195e-06,403.83,150.171,-6.56418e-06,269.818,107.625,-4.70444e-06,129.45,106.012,-4.63395e-06,-15.5,140.461,-6.13973e-06,21.5842,105.109,-4.59446e-06,269.818,107.625,-4.70444e-06,403.83,150.171,-6.56418e-06,171.936,147.069,-6.4286e-06,454,96.2243,-4.2061e-06,798.698,118.115,-5.16296e-06,626.279,141.001,-6.16336e-06,799.782,65.8368,-2.87782e-06,819.149,96.7364,-4.22848e-06,458.915,82.4523,-3.60411e-06,438.141,10.4354,-4.56146e-07,641.67,36.1421,-1.57982e-06,362.564,49.9586,-2.18376e-06,-93.2934,-10.874,4.75316e-07,173.83,-3.22562,1.40996e-07,80.208,25.0057,-1.09303e-06,-93.2934,-10.874,4.75316e-07,-87.9871,18.7613,-8.20083e-07,-187.31,18.7438,-8.19317e-07,173.83,-3.22562,1.40996e-07,438.141,10.4354,-4.56146e-07,242.513,34.118,-1.49135e-06,641.67,36.1421,-1.57982e-06,799.782,65.8368,-2.87782e-06,443.302,66.7301,-2.91686e-06,-269.889,-8.567,3.74476e-07,-187.31,18.7438,-8.19317e-07,-294.659,18.5966,-8.12885e-07,458.915,82.4523,-3.60411e-06,819.149,96.7364,-4.22848e-06,798.698,118.115,-5.16296e-06,389.449,103.221,-4.51195e-06,626.279,141.001,-6.16336e-06,403.83,150.171,-6.56418e-06,129.45,106.012,-4.63395e-06,171.936,147.069,-6.4286e-06,-15.5,140.461,-6.13973e-06]
            }
        },
        "index":{
            "type":"Uint16Array",
            "itemSize":1,
            "array":[0,1,2,3,4,5,6,7,8,9,10,11,12,13,14,15,16,17,18,19,20,21,22,23,24,25,26,27,28,29,30,31,32,33,34,35,36,37,38,39,40,41,42,43,44,45,46,47,48,49,50,51,52,53,54,55,56,57,58,59,60,61,62,63,64,65,66,67,68,69,70,71]
        }
    }
}